0,0,0,0,0.0
0.0,0.003924560605355509,0,0.0,0.09185791015625
0.0,0.022296142910363415,0,0.0,0.13720703125
0.0,0.03136596726426433,0,0.0,0.186737060546875
0.0,0.04127197327125032,0,0.0,0.237548828125
0.0,0.051434326938306185,0,0.0,0.279144287109375
0.0,0.05975341885914531,0,0.0,0.329132080078125
0.0,0.06975097760187055,0,0.0,0.387451171875
0.0,0.08141479613504998,0,0.0,0.438079833984375
0.0,0.09154052870781015,0,0.0,0.487701416015625
0.0,0.10146484526194399,0,0.0,0.53009033203125
0.0,0.1099426285913978,0,0.0,0.578155517578125
0.0,0.11955566584401822,0,0.0,0.639984130859375
0.0,0.13192138868453185,0,0.0,0.6954345703125
0.0,0.14301147674041204,0,0.0,0.74554443359375
0.0,0.15303344954600107,0,0.0,0.805999755859375
0.0,0.16512451417929697,0,0.0,0.838165283203125
0.0,0.1715576197439077,0,0.0,0.912353515625
0.0,0.18639526644938087,0,0.0,0.9864501953125
0.0,0.20121460260770618,0,0.0,1.036865234375
0.0,0.2112976105704547,0,0.0,1.09149169921875
0.0,0.22222290370200426,0,0.0,1.13653564453125
0.0,0.23123169289874568,0,0.0,1.194732666015625
0.0,0.24287109736906132,0,0.0,1.245635986328125
0.0,0.25305176158326503,0,0.0,1.30364990234375
0.0,0.264654544959285,0,0.0,1.3533935546875
0.0,0.2746032755762826,0,0.0,1.405517578125
0.0,0.2850280804191243,0,0.0,1.45574951171875
0.0,0.29507446728757714,0,0.0,1.49481201171875
0.0,0.30288696740399246,0,0.0,1.552886962890625
0.0,0.3145019578114443,0,0.0,1.595794677734375
0.0,0.32308350090806925,0,0.0,1.64520263671875
0.0,0.33296509285219145,0,0.0,1.7056884765625
0.0,0.3450622610012033,0,0.0,1.753570556640625
0.0,0.354638677159528,0,0.0,1.806060791015625
0.0,0.3651367241909611,0,0.0,1.866119384765625
0.0,0.37714844311994966,0,0.0,1.903472900390625
0.0,0.3846191463562718,0,0.0,1.938140869140625
0.0,0.3915527402095904,0,0.0,1.97772216796875
0.0,0.3994690000931769,0,0.0,2.02197265625
0.0,0.4083190978813036,0,0.0,2.077972412109375
0.0,0.4195190492200709,0,0.0,2.144927978515625
0.0,0.432910162700864,0,0.0,2.212127685546875
0.0,0.44635010430738475,0,0.0,2.257476806640625
0.0,0.45541992866128567,0,0.0,2.295013427734375
0.0,0.4629272529919035,0,0.0,2.3604736328125
0.0,0.47601929420261513,0,0.0,2.411346435546875
0.0,0.4861938549011029,0,0.0,2.46331787109375
0.0,0.49658814216536484,0,0.0,2.511627197265625
0.0,0.5062500075437129,0,0.0,2.56219482421875
0.0,0.5163635330850411,0,0.0,2.6114501953125
0.0,0.5262146074505836,0,0.0,2.670318603515625
0.0,0.5379882892666501,0,0.0,2.72564697265625
0.0,0.5490539632596665,0,0.0,2.76220703125
0.0,0.556365975087374,0,0.0,2.811279296875
0.0,0.5661804283586207,0,0.0,2.863037109375
0.0,0.576531991012871,0,0.0,2.90277099609375
0.0,0.5844787684750372,0,0.0,2.953582763671875
0.0,0.5946411221420931,0,0.0,2.986236572265625
0.0,0.601171883958159,0,0.0,3.029296875
0.0,0.6097839446333637,0,0.0,3.078643798828125
0.0,0.619653329546054,0,0.0,3.130645751953125
0.0,0.6300537203260319,0,0.0,3.17230224609375
0.0,0.6383850192783029,0,0.0,3.23907470703125
0.0,0.6517395116648004,0,0.0,3.292236328125
0.0,0.6623718360419844,0,0.0,3.344635009765625
0.0,0.6728515725262696,0,0.0,3.386627197265625
0.0,0.6812500101514161,0,0.0,3.420013427734375
0.0,0.6879272563446648,0,0.0,3.458099365234375
0.0,0.6955444439581697,0,0.0,3.510986328125
0.0,0.7061218366939102,0,0.0,3.563568115234375
0.0,0.7166381942724911,0,0.0,3.611785888671875
0.0,0.7262817491036913,0,0.0,3.65899658203125
0.0,0.7357238879162651,0,0.0,3.69610595703125
0.0,0.7431457630268596,0,0.0,3.755706787109375
0.0,0.755065929220109,0,0.0,3.79705810546875
0.0,0.7633361930152205,0,0.0,3.844635009765625
0.0,0.7728515740163857,0,0.0,3.877685546875
0.0,0.779461681536759,0,0.0,3.91094970703125
0.0,0.7861145136671439,0,0.0,3.990447998046875
0.0,0.8020141721071923,0,0.0,4.03009033203125
0.0,0.8099426390222106,0,0.0,4.10308837890625
0.0,0.8245422486147618,0,0.0,4.148193359375
0.0,0.8335632448429351,0,0.0,4.202850341796875
0.0,0.8335632448429351,0,0.0,4.245086669921875
0.0,0.8335632448429351,0,0.0,4.29510498046875
0.0,0.8335632448429351,0,0.0,4.324371337890625
0.0,0.8335632448429351,0,0.0,4.378448486328125
0.0,0.8335632448429351,0,0.0,4.428985595703125
0.0,0.8335632448429351,0,0.0,4.4793701171875
0.0,0.8335632448429351,0,0.15828764695470454,4.536224365234375
0.0,0.8335632448429351,0,0.3369005399144953,4.590423583984375
0.0,0.8335632448429351,0,0.5071724121080479,4.637542724609375
0.0,0.8335632448429351,0,0.6552015622582985,4.689483642578125
0.0,0.8335632448429351,0,0.818378773110453,4.737274169921875
0.0,0.8335632448429351,0,0.9685171469027409,4.787445068359375
0.0,0.8335632448429351,0,1.12613367724407,4.840850830078125
0.0,0.8335632448429351,0,1.2939128305879422,4.894256591796875
0.0,0.8335632448429351,0,1.4616919839318143,4.939117431640625
0.0,0.8335632448429351,0,1.602626472740667,4.994049072265625
0.0,0.8335632448429351,0,1.7751993161800783,5.06121826171875
0.0,0.8335632448429351,0,1.986217554185714,5.11968994140625
0.0,0.8335632448429351,0,2.1699117586467764,5.1715087890625
0.0,0.8335632448429351,0,2.332705474291288,5.203094482421875
0.0,0.8335632448429351,0,2.4319348592689494,5.25836181640625
0.0,0.8335632448429351,0,2.6055623145293794,5.312530517578125
0.0,0.8335632448429351,0,2.775738312921021,5.374908447265625
0.0,0.8335632448429351,0,2.971704364026664,5.43060302734375
0.0,0.8335632448429351,0,3.146674052513845,5.4703369140625
0.0,0.8335632448429351,0,3.2715017426016857,5.52056884765625
0.0,0.8335632448429351,0,3.4293100205468363,5.57012939453125
0.0,0.8335632448429351,0,3.5850090748499497,5.628326416015625
0.0,0.8335632448429351,0,3.767840415093815,5.665374755859375
0.0,0.8335632448429351,0,3.884231210613507,5.72625732421875
0.0,0.8335632448429351,0,4.075499445425521,5.778076171875
0.0,0.8335632448429351,0,4.2382931610700325,5.8311767578125
0.0,0.8335632448429351,0,4.405113576394797,5.90789794921875
0.0,0.8335632448429351,0,4.405113576394797,5.95831298828125
0.0,0.8335632448429351,0,4.405113576394797,6.005279541015625
0.0,0.8335632448429351,0,4.405113576394797,6.064208984375
0.0,0.8335632448429351,0,4.405113576394797,6.127777099609375
0.0,0.8335632448429351,0,4.405113576394797,6.175750732421875
0.0,0.8335632448429351,0,4.555827192998549,6.219940185546875
0.0,0.8335632448429351,0,4.694652458165365,6.26568603515625
0.0,0.8335632448429351,0,4.83836728722963,6.303802490234375
0.0,0.8335632448429351,0,4.9581136658161995,6.36175537109375
0.0,0.8335632448429351,0,4.9581136658161995,6.4288330078125
0.0,0.8335632448429351,0,4.9581136658161995,6.477081298828125
0.0,0.8335632448429351,0,4.9581136658161995,6.52215576171875
0.0,0.8335632448429351,0,4.9581136658161995,6.56964111328125
0.0,0.8335632448429351,0,4.9581136658161995,6.61138916015625
0.0,0.8335632448429351,0,4.9581136658161995,6.67041015625
-0.011449616510141276,0.8364347261887334,0,4.9581136658161995,6.7308349609375
-0.0231715610241432,0.8393745054362415,0,4.9581136658161995,6.7696533203125
-0.030702022348289892,0.8412630908922164,0,4.9581136658161995,6.8297119140625
-0.04235292477432817,0.8441850532958002,0,4.9581136658161995,6.87066650390625
-0.050297798278262806,0.8461775703413335,0,4.9581136658161995,6.921234130859375
-0.06010752659124321,0.8486377795398794,0,4.9581136658161995,6.98663330078125
-0.07279445946675135,0.8518195709173592,0,4.9581136658161995,7.029022216796875
-0.08101758114854361,0.8538818706015959,0,4.9581136658161995,7.0899658203125
-0.09284016862049405,0.8568468903779968,0,4.9581136658161995,7.13800048828125
-0.10215852249172588,0.8591838664060664,0,4.9581136658161995,7.19549560546875
-0.11331213030201863,0.8619811109021801,0,4.9581136658161995,7.2359619140625
-0.12116228102200174,0.8639498721558143,0,4.9581136658161995,7.29486083984375
-0.13258821683615513,0.8668154145536379,0,4.9581136658161995,7.336456298828125
-0.14065741399402615,0.8688391110760386,0,4.9581136658161995,7.39056396484375
-0.15115388249065514,0.8714715497658527,0,4.9581136658161995,7.4317626953125
-0.15914611738656556,0.8734759447073356,0,4.9581136658161995,7.47796630859375
-0.16810926081797917,0.8757238365157837,0,4.9581136658161995,7.529693603515625
-0.17814395574284445,0.8782404657200898,0,4.9581136658161995,7.56964111328125
-0.18589346350487906,0.8801839864448313,0,4.9581136658161995,7.612213134765625
-0.19415210623065315,0.8822551945510302,0,4.9581136658161995,7.670989990234375
-0.20555436134881866,0.885114798000879,0,4.9581136658161995,7.722320556640625
-0.21551209401172333,0.8876121256242672,0,4.9581136658161995,7.755706787109375
-0.22198876436440926,0.8892364278953651,0,4.9581136658161995,7.8028564453125
-0.23113543318972896,0.8915303465506176,0,4.9581136658161995,7.867706298828125
-0.24371580293329162,0.8946854126622109,0,4.9581136658161995,7.913482666015625
-0.2525960639287476,0.8969125181527473,0,4.9581136658161995,7.96502685546875
-0.26259523780963107,0.8994202389350914,0,4.9581136658161995,8.004608154296875
-0.270273703483702,0.9013459428159085,0,4.9581136658161995,8.0596923828125
-0.28095961754823406,0.9040258930895207,0,4.9581136658161995,8.103424072265625
-0.289443226885893,0.9061535212014799,0,4.9581136658161995,8.16058349609375
-0.3005317127822191,0.9089344335906631,0,4.9581136658161995,8.20404052734375
-0.3089620405539053,0.911048699069679,0,4.9581136658161995,8.25640869140625
-0.319121059132707,0.9135965077508527,0,4.9581136658161995,8.30328369140625
-0.32821444639205394,0.915877063773162,0,4.9581136658161995,8.345367431640625
-0.33637836633387647,0.9179245160874618,0,4.9581136658161995,8.38916015625
-0.3448738160195294,0.9200551136734084,0,4.9581136658161995,8.436370849609375
-0.354032325192843,0.9223520018026483,0,4.9581136658161995,8.49505615234375
-0.3654168197890176,0.9252071510415161,0,4.9581136658161995,8.546112060546875
-0.3753212708859495,0.9276911160319611,0,4.9581136658161995,8.594207763671875
-0.3846514651051753,0.930031061534018,0,4.9581136658161995,8.636077880859375
-0.39277394382901903,0.9320681206893621,0,4.9581136658161995,8.688232421875
-0.4028915211898419,0.9346055362115799,0,4.9581136658161995,8.73236083984375
-0.4114520927894615,0.936752465904457,0,4.9581136658161995,8.778167724609375
-0.4203382739589145,0.9389810561319872,0,4.9581136658161995,8.839385986328125
-0.43221414299683764,0.9419594385413314,0,4.9581136658161995,8.878570556640625
-0.439815646408948,0.9438658408412306,0,4.9581136658161995,8.93927001953125
-0.45159087248892266,0.946818982721682,0,4.9581136658161995,9.00494384765625
-0.46433108693040354,0.9500141367321049,0,4.9581136658161995,9.061767578125
-0.4753544509127629,0.9527787170143575,0,4.9581136658161995,9.129638671875
-0.4885209178820257,0.9560807720883262,0,4.9581136658161995,9.17584228515625
-0.49748406131343925,0.9583286638967743,0,4.9581136658161995,9.211578369140625
-0.5044165850638919,0.9600672909163864,0,4.9581136658161995,9.2696533203125
-0.5156826761801271,0.9628927454153804,0,4.9581136658161995,9.322509765625
-0.5259364175428803,0.9654643098884531,0,4.9581136658161995,9.363800048828125
-0.5339464129607816,0.967473159040917,0,4.9581136658161995,9.41156005859375
-0.5432114852660407,0.9697967724360433,0,4.9581136658161995,9.45635986328125
-0.5519023006935936,0.9719763663427817,0,4.9581136658161995,9.50286865234375
-0.5609246458649769,0.9742391055211668,0,4.9581136658161995,9.5531005859375
-0.5706692522639907,0.9766829826127821,0,4.9581136658161995,9.6005859375
-0.579881043003277,0.9789932333749652,0,4.9581136658161995,9.64532470703125
-0.588560018082836,0.9811698578077162,0,4.9581136658161995,9.687164306640625
-0.5966765766326828,0.9832054322260665,0,4.9581136658161995,9.73651123046875
-0.6062494979857844,0.9856062519448647,0,4.9581136658161995,9.76922607421875
-0.612595924510537,0.9871978900021015,0,4.9581136658161995,9.82635498046875
-0.6236784902328661,0.989977317654291,0,4.9581136658161995,9.878143310546875
-0.6337250255057254,0.9924969163325845,0,4.9581136658161995,9.9306640625
-0.643913644954512,0.9950521486987267,0,4.9581136658161995,9.98040771484375
-0.6535635285695741,0.997472269998443,0,4.9581136658161995,10.03277587890625
-0.6637225471483758,1.0000200786796167,0,4.9581136658161995,10.06964111328125
-0.6708741173367163,1.0018136409679954,0,4.9581136658161995,10.132568359375
-0.6830815161184698,1.0048751686489863,0,4.9581136658161995,10.17803955078125
-0.691902575373956,1.0070874267695857,0,4.9581136658161995,10.220489501953125
-0.7001375374037423,1.0091526959278099,0,4.9581136658161995,10.27923583984375
-0.7115338723479109,1.012010814640665,0,4.9581136658161995,10.3443603515625
-0.7241675236574463,1.0151792433852016,0,4.9581136658161995,10.403289794921875
-0.7355993796455966,1.0180462705200188,0,4.9581136658161995,10.465576171875
-0.7476824547734138,1.021076618724142,0,4.9581136658161995,10.511505126953125
-0.7565923166388546,1.0233111478996468,0,4.9581136658161995,10.55474853515625
-0.764981203192562,1.025415020219707,0,4.9581136658161995,10.5863037109375
-0.7711026631054297,1.0269502382711835,0,4.9581136658161995,10.6357421875
-0.7806933449805222,1.0293555122009628,0,4.9581136658161995,10.692840576171875
-0.7917699905288543,1.0321334551161585,0,4.9581136658161995,10.732757568359375
-0.7995135781168919,1.0340754911039063,0,4.9581136658161995,10.788482666015625
-0.8103238158353604,1.0367866208543859,0,4.9581136658161995,10.845458984375
-0.8213767806877046,1.0395586248216069,0,4.9581136658161995,10.896636962890625
-0.8313049124806244,1.0420485287600267,0,4.9581136658161995,10.93621826171875
-0.8389833781546954,1.0439742326408439,0,4.9581136658161995,10.9906005859375
-0.8495331282172971,1.0466200339636011,0,4.9581136658161995,11.031219482421875
-0.8495331282172971,1.0466200339636011,0,4.9581136658161995,11.07818603515625
-0.8495331282172971,1.0466200339636011,0,4.9581136658161995,11.12640380859375
-0.8495331282172971,1.0466200339636011,0,4.9581136658161995,11.173095703125
-0.8495331282172971,1.0466200339636011,0,4.9581136658161995,11.22967529296875
-0.8495331282172971,1.0466200339636011,0,4.9581136658161995,11.30389404296875
-0.8495331282172971,1.0466200339636011,0,5.191278752063226,11.361785888671875
-0.8495331282172971,1.0466200339636011,0,5.373151354287984,11.4210205078125
-0.8495331282172971,1.0466200339636011,0,5.559242403796816,11.470611572265625
-0.8495331282172971,1.0466200339636011,0,5.71503733190184,11.53082275390625
-0.8495331282172971,1.0466200339636011,0,5.904196343071817,11.575592041015625
-0.8495331282172971,1.0466200339636011,0,6.044843210474937,11.62408447265625
-0.8495331282172971,1.0466200339636011,0,6.197186681711173,11.680816650390625
-0.8495331282172971,1.0466200339636011,0,6.375416079463321,11.73065185546875
-0.8495331282172971,1.0466200339636011,0,6.531977997983631,11.769866943359375
-0.8495331282172971,1.0466200339636011,0,6.655175833438989,11.82000732421875
-0.8495331282172971,1.0466200339636011,0,6.812696489978407,11.862884521484375
-0.8495331282172971,1.0466200339636011,0,6.947399181663059,11.904693603515625
-0.8495331282172971,1.0466200339636011,0,7.078746290280833,11.95477294921875
-0.8495331282172971,1.0466200339636011,0,7.23607519921643,12.01171875
-0.8495331282172971,1.0466200339636011,0,7.414975713581953,12.0543212890625
-0.8495331282172971,1.0466200339636011,0,7.548815541049407,12.094512939453125
-0.8495331282172971,1.0466200339636011,0,7.67508133816591,12.168060302734375
-0.8495331282172971,1.0466200339636011,0,7.9061372007709,12.204345703125
-0.8495331282172971,1.0466200339636011,0,8.020131151242822,12.2540283203125
-0.8495331282172971,1.0466200339636011,0,8.176213700753578,12.324310302734375
-0.8495331282172971,1.0466200339636011,0,8.176213700753578,12.36260986328125
-0.8495331282172971,1.0466200339636011,0,8.176213700753578,12.404144287109375
-0.8495331282172971,1.0466200339636011,0,8.176213700753578,12.4666748046875
-0.8495331282172971,1.0466200339636011,0,8.176213700753578,12.514404296875
-0.8495331282172971,1.0466200339636011,0,8.176213700753578,12.5699462890625
-0.8495331282172971,1.0466200339636011,0,8.350704020231206,12.6278076171875
-0.8495331282172971,1.0466200339636011,0,8.532480748654052,12.68731689453125
-0.8495331282172971,1.0466200339636011,0,8.719434662380081,12.7303466796875
-0.8495331282172971,1.0466200339636011,0,8.854616723074287,12.76220703125
-0.8495331282172971,1.0466200339636011,0,8.854616723074287,12.81134033203125
-0.8495331282172971,1.0466200339636011,0,8.854616723074287,12.869842529296875
-0.8495331282172971,1.0466200339636011,0,8.854616723074287,12.911590576171875
-0.8495331282172971,1.0466200339636011,0,8.854616723074287,12.961822509765625
-0.8495331282172971,1.0466200339636011,0,8.854616723074287,13.02154541015625
-0.8495331282172971,1.0466200339636011,0,9.042241753413691,13.078704833984375
-0.8495331282172971,1.0466200339636011,0,9.22181338439259,13.13275146484375
-0.8495331282172971,1.0466200339636011,0,9.391605887576588,13.179107666015625
-0.8495331282172971,1.0466200339636011,0,9.391605887576588,13.239898681640625
-0.8495331282172971,1.0466200339636011,0,9.391605887576588,13.29986572265625
-0.8495331282172971,1.0466200339636011,0,9.391605887576588,13.353790283203125
-0.8495331282172971,1.0466200339636011,0,9.391605887576588,13.405914306640625
-0.8495331282172971,1.0466200339636011,0,9.391605887576588,13.464874267578125
-0.8495331282172971,1.0466200339636011,0,9.576834072868223,13.52410888671875
-0.8495331282172971,1.0466200339636011,0,9.762925122377055,13.5780029296875
-0.8495331282172971,1.0466200339636011,0,9.9322382565515,13.63214111328125
-0.8495331282172971,1.0466200339636011,0,9.9322382565515,13.68121337890625
-0.8495331282172971,1.0466200339636011,0,9.9322382565515,13.7197265625
-0.8495331282172971,1.0466200339636011,0,9.9322382565515,13.77825927734375
-0.8495331282172971,1.0466200339636011,0,9.9322382565515,13.82183837890625
-0.8495331282172971,1.0466200339636011,0,9.9322382565515,13.854461669921875
-0.8495331282172971,1.0466200339636011,0,9.9322382565515,13.919769287109375
-0.8495331282172971,1.0466200339636011,0,9.9322382565515,13.9697265625
-0.8495331282172971,1.0466200339636011,0,9.9322382565515,14.02178955078125
-0.8495331282172971,1.0466200339636011,0,9.9322382565515,14.06982421875
-0.8495331282172971,1.0466200339636011,0,9.9322382565515,14.128753662109375
-0.8552605888846273,1.0363193849437689,0,9.9322382565515,14.186065673828125
-0.8608308484046926,1.0263014570000892,0,9.9322382565515,14.244659423828125
-0.8665256824188169,1.0160594859394585,0,9.9322382565515,14.295166015625
-0.8714345106966167,1.0072311202595918,0,9.9322382565515,14.346527099609375
-0.8764263886371225,0.9982533925017576,0,9.9322382565515,14.39605712890625
-0.8812403030146869,0.9895957263395682,0,9.9322382565515,14.451629638671875
-0.8866414971499579,0.9798818569117511,0,9.9322382565515,14.490203857421875
-0.8903905962092564,0.9731392259635024,0,9.9322382565515,14.536407470703125
-0.894881210114144,0.9650630050334008,0,9.9322382565515,14.588531494140625
-0.8999472395392087,0.9559519182773814,0,9.9322382565515,14.6363525390625
-0.9045950545913612,0.9475929762711269,0,9.9322382565515,14.68756103515625
-0.9095721022349553,0.9386419203129298,0,9.9322382565515,14.736358642578125
-0.9143148311873432,0.9301122787889982,0,9.9322382565515,14.7874755859375
-0.9192829806527902,0.9211772259105833,0,9.9322382565515,14.82989501953125
-0.9234058031942657,0.9137624656114808,0,9.9322382565515,14.861175537109375
-0.926446014061181,0.9082947466858836,0,9.9322382565515,14.932159423828125
-0.933345068184542,0.8958870254947235,0,9.9322382565515,14.98065185546875
-0.9380581365431063,0.887410727570066,0,9.9322382565515,15.029296875
-0.9427860351985824,0.8789077578457715,0,9.9322382565515,15.08001708984375
-0.9477156258920587,0.8700420516464129,0,9.9322382565515,15.1376953125
-0.9533214781247124,0.8599601113836044,0,9.9322382565515,15.190216064453125
-0.9584260663217478,0.8507796779485286,0,9.9322382565515,15.22845458984375
-0.9621425387278404,0.8440957249594815,0,9.9322382565515,15.270843505859375
-0.9662623952099334,0.8366862990203063,0,9.9322382565515,15.3133544921875
-0.9703941159295558,0.8292555356414216,0,9.9322382565515,15.3697509765625
-0.9758753936681505,0.8193976384955645,0,9.9322382565515,15.433074951171875
-0.98202996688654,0.8083288416461848,0,9.9322382565515,15.4793701171875
-0.9865294789695747,0.8002366176363009,0,9.9322382565515,15.534515380859375
-0.9918891482734927,0.7905974292474677,0,9.9322382565515,15.58734130859375
-0.9970233970643516,0.7813636522131177,0,9.9322382565515,15.64447021484375
-1.0025758602281227,0.7713777304290026,0,9.9322382565515,15.694580078125
-1.0074461297339519,0.7626187114281923,0,9.9322382565515,15.7373046875
-1.011598612869251,0.7551506075298157,0,9.9322382565515,15.79400634765625
-1.017109551201669,0.7452393667846844,0,9.9322382565515,15.84857177734375
-1.0224128653773223,0.7357015312344719,0,9.9322382565515,15.911590576171875
-1.0285377780018883,0.7246860779843664,0,9.9322382565515,15.971649169921875
-1.0343749828663658,0.7141880576472197,0,9.9322382565515,16.02978515625
-1.0400253259897547,0.7040261019855001,0,9.9322382565515,16.0892333984375
-1.045803209666585,0.6936347688469018,0,9.9322382565515,16.144439697265625
-1.0511688110892679,0.6839849117382137,0,9.9322382565515,16.19622802734375
-1.0562022138611267,0.6749325029413957,0,9.9322382565515,16.23681640625
-1.0601470728396607,0.6678378042379379,0,9.9322382565515,16.29632568359375
-1.0659308886352556,0.6574358023794847,0,9.9322382565515,16.35455322265625
-1.0715901299367916,0.6472578436379829,0,9.9322382565515,16.40533447265625
-1.0765256527490326,0.6383814687187696,0,9.9322382565515,16.446197509765625
-1.0804972062620077,0.6312387607759651,0,9.9322382565515,16.522613525390625
-1.0879242189554281,0.6178815235177257,0,9.9322382565515,16.553955078125
-1.0909703619411082,0.6124031358722737,0,9.9322382565515,16.6031494140625
-1.0957516496654667,0.6038041476692857,0,9.9322382565515,16.6361083984375
-1.0989549937984116,0.5980430389476808,0,9.9322382565515,16.691558837890625
-1.1043443236961532,0.5883505069595735,0,9.9322382565515,16.7557373046875
-1.1105819465772486,0.5771323480322262,0,9.9322382565515,16.79437255859375
-1.1143369777553118,0.5703790483641228,0,9.9322382565515,16.85577392578125
-1.120304689232613,0.55964631619017,0,9.9322382565515,16.895111083984375
-1.1241279397764703,0.5527703262437361,0,9.9322382565515,16.9449462890625
-1.1289715147478583,0.5440593164822725,0,9.9322382565515,16.98712158203125
-1.1330706088142748,0.5366872310625892,0,9.9322382565515,17.0364990234375
-1.1378696928949275,0.5280562367000368,0,9.9322382565515,17.0872802734375
-1.1428052157071684,0.5191798617808234,0,9.9322382565515,17.128265380859375
-1.1467886334576731,0.5120158163983093,0,9.9322382565515,17.17169189453125
-1.1510093359587663,0.5044250222216021,0,9.9322382565515,17.249847412109375
-1.158605414036981,0.49076372644750027,0,9.9322382565515,17.298492431640625
-1.1633333126924572,0.48226075672320573,0,9.9322382565515,17.345611572265625
-1.1679129083788156,0.47402450499528176,0,9.9322382565515,17.386383056640625
-1.1718755637136438,0.46689780013225946,0,9.9322382565515,17.43646240234375
-1.1767428671600906,0.45814411549137657,0,9.9322382565515,17.48895263671875
-1.1818444892977436,0.4489690164162281,0,9.9322382565515,17.54736328125
-1.1875215269555737,0.43875905151516176,0,9.9322382565515,17.597686767578125
-1.1924125588770793,0.42996269199485954,0,9.9322382565515,17.645111083984375
-1.1970218151572611,0.42167309666766145,0,9.9322382565515,17.68304443359375
-1.2007086269695302,0.4150424872778885,0,9.9322382565515,17.7279052734375
-1.205068734261594,0.40720097818459305,0,9.9322382565515,17.795074462890625
-1.2115970309621604,0.3954600519843595,0,9.9322382565515,17.844879150390625
-1.216437639874166,0.3867543765828233,0,9.9322382565515,17.899261474609375
-1.2217231576935252,0.3772485471921753,0,9.9322382565515,17.949249267578125
-1.226581562961825,0.36851086563107466,0,9.9322382565515,17.99871826171875
-1.2313895452206247,0.35986386818874,0,9.9322382565515,18.036468505859375
-1.2350585606765996,0.3532652649585315,0,9.9322382565515,18.088531494140625
-1.2350585606765996,0.3532652649585315,0,9.9322382565515,18.1363525390625
-1.2350585606765996,0.3532652649585315,0,9.9322382565515,18.190277099609375
-1.2350585606765996,0.3532652649585315,0,9.9322382565515,18.23663330078125
-1.2350585606765996,0.3532652649585315,0,9.9322382565515,18.278411865234375
-1.2350585606765996,0.3532652649585315,0,9.9322382565515,18.326873779296875
-1.2350585606765996,0.3532652649585315,0,9.779990659117175,18.378875732421875
-1.2350585606765996,0.3532652649585315,0,9.616621700661199,18.4202880859375
-1.2350585606765996,0.3532652649585315,0,9.486520951468265,18.479034423828125
-1.2350585606765996,0.3532652649585315,0,9.301963882790005,18.54461669921875
-1.2350585606765996,0.3532652649585315,0,9.09593108248373,18.596832275390625
-1.2350585606765996,0.3532652649585315,0,8.931891007414379,18.646820068359375
-1.2350585606765996,0.3532652649585315,0,8.774849719884514,18.70001220703125
-1.2350585606765996,0.3532652649585315,0,8.607741683154018,18.750823974609375
-1.2350585606765996,0.3532652649585315,0,8.607741683154018,18.797607421875
-1.2350585606765996,0.3532652649585315,0,8.607741683154018,18.859039306640625
-1.2350585606765996,0.3532652649585315,0,8.607741683154018,18.92364501953125
-1.2350585606765996,0.3532652649585315,0,8.607741683154018,18.970367431640625
-1.2350585606765996,0.3532652649585315,0,8.754524473879428,19.01123046875
-1.2350585606765996,0.3532652649585315,0,8.882899494637968,19.046142578125
-1.2350585606765996,0.3532652649585315,0,8.992579124023905,19.1029052734375
-1.2350585606765996,0.3532652649585315,0,9.170904395577963,19.1612548828125
-1.2350585606765996,0.3532652649585315,0,9.354215104831383,19.2166748046875
-1.2350585606765996,0.3532652649585315,0,9.528321929101367,19.277862548828125
-1.2350585606765996,0.3532652649585315,0,9.720548901932489,19.302703857421875
-1.2350585606765996,0.3532652649585315,0,9.798590176687867,19.347625732421875
-1.2350585606765996,0.3532652649585315,0,9.939716413100541,19.416656494140625
-1.2350585606765996,0.3532652649585315,0,10.156582953022735,19.45806884765625
-1.2350585606765996,0.3532652649585315,0,10.286683702215669,19.495025634765625
-1.2350585606765996,0.3532652649585315,0,10.402786876329628,19.556396484375
-1.2350585606765996,0.3532652649585315,0,10.595589091972215,19.624481201171875
-1.2350585606765996,0.3532652649585315,0,10.809483544035174,19.662628173828125
-1.2350585606765996,0.3532652649585315,0,10.929325796423655,19.7119140625
-1.2350585606765996,0.3532652649585315,0,11.08416198650957,19.750244140625
-1.2350585606765996,0.3532652649585315,0,11.204579481709516,19.80303955078125
-1.2350585606765996,0.3532652649585315,0,11.370441159015172,19.860137939453125
-1.2350585606765996,0.3532652649585315,0,11.54982104239025,19.903472900390625
-1.2350585606765996,0.3532652649585315,0,11.685961841103563,19.951904296875
-1.2350585606765996,0.3532652649585315,0,11.838113564735977,19.994842529296875
-1.2350585606765996,0.3532652649585315,0,11.97300800402445,20.03631591796875
-1.2350585606765996,0.3532652649585315,0,12.103300500821206,20.090545654296875
-1.2350585606765996,0.3532652649585315,0,12.27366824681667,20.136077880859375
-1.2350585606765996,0.3532652649585315,0,12.416711959267559,20.18804931640625
-1.2350585606765996,0.3532652649585315,0,12.579985043921624,20.22833251953125
-1.2350585606765996,0.3532652649585315,0,12.70653846244386,20.288421630859375
-1.2350585606765996,0.3532652649585315,0,12.895313978406193,20.354949951171875
-1.2350585606765996,0.3532652649585315,0,13.104318866571703,20.4127197265625
-1.2350585606765996,0.3532652649585315,0,13.285807973588817,20.46502685546875
-1.2350585606765996,0.3532652649585315,0,13.4501356700639,20.5029296875
-1.2350585606765996,0.3532652649585315,0,13.569210932037095,20.5655517578125
-1.2350585606765996,0.3532652649585315,0,13.765943973558024,20.611663818359375
-1.2350585606765996,0.3532652649585315,0,13.910809288245218,20.677734375
-1.2350585606765996,0.3532652649585315,0,13.910809288245218,20.72796630859375
-1.2350585606765996,0.3532652649585315,0,13.910809288245218,20.7613525390625
-1.2350585606765996,0.3532652649585315,0,13.910809288245218,20.81298828125
-1.2249948544672904,0.3555829826637944,0,13.910809288245218,20.88323974609375
-1.2113029799437505,0.3587362841753282,0,13.910809288245218,20.911346435546875
-1.2058250405709527,0.35999787874184547,0,13.910809288245218,20.975677490234375
-1.1932870425276763,0.3628854372067948,0,13.910809288245218,21.03167724609375
-1.1823727985004409,0.3653990376731999,0,13.910809288245218,21.07861328125
-1.1732250560950523,0.3675058047126174,0,13.910809288245218,21.138763427734375
-1.1615019089682508,0.37020569927353536,0,13.910809288245218,21.188323974609375
-1.1518426543087248,0.3724302699315418,0,13.910809288245218,21.262603759765625
-1.137365667953253,0.3757643862995146,0,13.910809288245218,21.295257568359375
-1.1310015038610775,0.37723008248428486,0,13.910809288245218,21.338836669921875
-1.1225080213156322,0.37918617047666986,0,13.910809288245218,21.421173095703125
-1.1064608112962966,0.3828819165575205,0,13.910809288245218,21.463775634765625
-1.0981576588919257,0.3847941706453143,0,13.910809288245218,21.52252197265625
-1.0867081113429187,0.38743105396838234,0,13.910809288245218,21.571319580078125
-1.077197552106107,0.3896213793884269,0,13.910809288245218,21.628753662109375
-1.0660037606841686,0.3921993609022004,0,13.910809288245218,21.688232421875
-1.0544114655293557,0.3948691196537119,0,13.910809288245218,21.745391845703125
-1.0432712044595944,0.39743477288181916,0,13.910809288245218,21.803955078125
-1.0318573438120386,0.40006343734777633,0,13.910809288245218,21.86614990234375
-1.0197356929523624,0.40285510914643224,0,13.910809288245218,21.91925048828125
-1.0093864915314417,0.40523857770858207,0,13.910809288245218,21.96343994140625
-1.0007740526478248,0.40722206189133664,0,13.910809288245218,22.016143798828125
-0.9905021728467156,0.40958772292974627,0,13.910809288245218,22.05572509765625
-0.9827878543162937,0.4113643658752108,0,13.910809288245218,22.0950927734375
-0.9751151705042318,0.413131420154046,0,13.910809288245218,22.16015625
-0.9624344248551496,0.4160518540474388,0,13.910809288245218,22.2166748046875
-0.9514190679404685,0.418588741275658,0,13.910809288245218,22.236358642578125
-0.9475827260344375,0.41947226841507557,0,13.910809288245218,22.277862548828125
-0.9394936950387753,0.42133520936020413,0,13.910809288245218,22.348419189453125
-0.9257423423461496,0.42450220896692276,0,13.910809288245218,22.397918701171875
-0.9160949833204407,0.4267240400058923,0,13.910809288245218,22.436279296875
-0.9086185774663618,0.42844589057061777,0,13.910809288245218,22.490966796875
-0.8979600895661951,0.4309005892277284,0,13.910809288245218,22.529815673828125
-0.890388518641579,0.4326443567447495,0,13.910809288245218,22.57830810546875
-0.8809374375738531,0.4348209840696093,0,13.910809288245218,22.629547119140625
-0.8709510529843555,0.437120894251132,0,13.910809288245218,22.666046142578125
-0.8638374639616996,0.4387591864352304,0,13.910809288245218,22.706634521484375
-0.8559268674732946,0.4405810330948047,0,13.910809288245218,22.762451171875
-0.8450483103475107,0.44308641470409893,0,13.910809288245218,22.823150634765625
-0.8332181025163548,0.4458109658363495,0,13.910809288245218,22.886260986328125
-0.8209180171494214,0.44864373192055973,0,13.910809288245218,22.929534912109375
-0.8124840127730618,0.45058612181776,0,13.910809288245218,22.99505615234375
-0.799714049870351,0.4535271028539299,0,13.910809288245218,23.0494384765625
-0.7891150401392701,0.45596810341585575,0,13.910809288245218,23.091339111328125
-0.7809486875237965,0.4578488518847245,0,13.910809288245218,23.128753662109375
-0.7736566639938834,0.45952823835437717,0,13.910809288245218,23.18585205078125
-0.7625282985579394,0.46209115196344747,0,13.910809288245218,23.229248046875
-0.7540705029139455,0.46403902109872164,0,13.910809288245218,23.27020263671875
-0.7460885326226376,0.46587730547251766,0,13.910809288245218,23.3201904296875
-0.7363460085263915,0.4681210534637828,0,13.910809288245218,23.3697509765625
-0.7266867538668655,0.47034562412178926,0,13.910809288245218,23.42608642578125
-0.7157070838536358,0.47287429249289764,0,13.910809288245218,23.46978759765625
-0.7071898100405563,0.47483585972335657,0,13.910809288245218,23.5159912109375
-0.6981848152409735,0.4769097513343306,0,13.910809288245218,23.5631103515625
-0.6890013859341335,0.479024737230859,0,13.910809288245218,23.625396728515625
-0.6768618916237317,0.48182051845807033,0,13.910809288245218,23.661834716796875
-0.669760198234893,0.48345607102313176,0,13.910809288245218,23.702850341796875
-0.661766332309768,0.48529709501596474,0,13.910809288245218,23.7452392578125
-0.6535048146237571,0.48719976043712915,0,13.910809288245218,23.7945556640625
-0.6438931424994997,0.4894133726189878,0,13.910809288245218,23.836700439453125
-0.6356792073487574,0.49130507956400443,0,13.910809288245218,23.906951904296875
-0.6219873328252175,0.49445838107553824,0,13.910809288245218,23.961212158203125
-0.6114121143617709,0.4968939023993902,0,13.910809288245218,23.99658203125
-0.6045185945647323,0.49848151163130494,0,13.910809288245218,24.050018310546875
-0.5941039671578173,0.500880048098158,0,13.910809288245218,24.06951904296875
-0.5903033121532378,0.5017553563804648,0,13.910809288245218,24.11456298828125
-0.5815243343961809,0.5037771952297366,0,13.910809288245218,24.1607666015625
-0.5725193395965982,0.5058510868407107,0,13.910809288245218,24.213958740234375
-0.5621522947249518,0.5082386648314159,0,13.910809288245218,24.271514892578125
-0.550934712035379,0.5108221255832633,0,13.910809288245218,24.3485107421875
-0.535928369975044,0.5142781549983806,0,13.910809288245218,24.3963623046875
-0.5266021930623982,0.5164260163233524,0,13.910809288245218,24.454742431640625
-0.5152240193162939,0.5190464619321987,0,13.910809288245218,24.49908447265625
-0.5065818413481342,0.5210367951625456,0,13.910809288245218,24.547576904296875
-0.4971307602804083,0.5232134224874054,0,13.910809288245218,24.594451904296875
-0.4879949135088369,0.525317449907786,0,13.910809288245218,24.648956298828125
-0.4773721125101217,0.5277639297077857,0,13.910809288245218,24.6839599609375
-0.470549966515986,0.5293351012254788,0,13.910809288245218,24.736541748046875
-0.46030187798251104,0.5316952830258145,0,13.910809288245218,24.79705810546875
-0.44850735705280653,0.5344116153009542,0,13.910809288245218,24.861907958984375
-0.43586824612208436,0.5373224605277176,0,13.910809288245218,24.92449951171875
-0.42366927364259677,0.5401319398501138,0,13.910809288245218,24.97113037109375
-0.42366927364259677,0.5401319398501138,0,13.910809288245218,25.027923583984375
-0.42366927364259677,0.5401319398501138,0,13.910809288245218,25.06988525390625
-0.42366927364259677,0.5401319398501138,0,13.910809288245218,25.1483154296875
-0.42366927364259677,0.5401319398501138,0,13.910809288245218,25.202911376953125
-0.42366927364259677,0.5401319398501138,0,13.910809288245218,25.261474609375
-0.42366927364259677,0.5401319398501138,0,13.910809288245218,25.31982421875
-0.42366927364259677,0.5401319398501138,0,13.910809288245218,25.379302978515625
-0.42366927364259677,0.5401319398501138,0,13.910809288245218,25.43096923828125
-0.42366927364259677,0.5401319398501138,0,13.910809288245218,25.4898681640625
-0.42366927364259677,0.5401319398501138,0,13.910809288245218,25.527435302734375
-0.42366927364259677,0.5401319398501138,0,13.910809288245218,25.589447021484375
-0.42366927364259677,0.5401319398501138,0,13.910809288245218,25.64801025390625
-0.42366927364259677,0.5401319398501138,0,13.910809288245218,25.68896484375
-0.42366927364259677,0.5401319398501138,0,13.910809288245218,25.756011962890625
-0.42366927364259677,0.5401319398501138,0,13.910809288245218,25.802825927734375
-0.42366927364259677,0.5401319398501138,0,13.910809288245218,25.85809326171875
-0.42366927364259677,0.5401319398501138,0,13.910809288245218,25.903411865234375
-0.42366927364259677,0.5401319398501138,0,13.910809288245218,25.95404052734375
-0.42366927364259677,0.5401319398501138,0,13.910809288245218,25.994537353515625
-0.42366927364259677,0.5401319398501138,0,13.910809288245218,26.05804443359375
-0.42366927364259677,0.5401319398501138,0,13.910809288245218,26.11505126953125
-0.42366927364259677,0.5401319398501138,0,13.910809288245218,26.162689208984375
-0.42366927364259677,0.5401319398501138,0,13.910809288245218,26.213348388671875
-0.42366927364259677,0.5401319398501138,0,13.910809288245218,26.265228271484375
-0.42366927364259677,0.5401319398501138,0,13.910809288245218,26.303070068359375
-0.42366927364259677,0.5401319398501138,0,13.910809288245218,26.347412109375
-0.42366927364259677,0.5401319398501138,0,13.910809288245218,26.4031982421875
-0.42366927364259677,0.5401319398501138,0,13.910809288245218,26.459228515625
-0.42366927364259677,0.5401319398501138,0,13.910809288245218,26.524322509765625
-0.42366927364259677,0.5401319398501138,0,13.910809288245218,26.57183837890625
-0.42366927364259677,0.5401319398501138,0,13.910809288245218,26.630462646484375
-0.42366927364259677,0.5401319398501138,0,13.910809288245218,26.729522705078125
-0.42366927364259677,0.5401319398501138,0,13.910809288245218,26.794342041015625
-0.42366927364259677,0.5401319398501138,0,13.910809288245218,26.853973388671875
-0.42366927364259677,0.5401319398501138,0,13.910809288245218,26.904571533203125
-0.42366927364259677,0.5401319398501138,0,13.910809288245218,26.965576171875
-0.42366927364259677,0.5401319398501138,0,13.910809288245218,27.01287841796875
-0.42366927364259677,0.5401319398501138,0,13.910809288245218,27.06689453125
-0.42366927364259677,0.5401319398501138,0,13.910809288245218,27.122955322265625
-0.42366927364259677,0.5401319398501138,0,13.910809288245218,27.18218994140625
-0.42366927364259677,0.5401319398501138,0,13.910809288245218,27.2281494140625
-0.42366927364259677,0.5401319398501138,0,13.910809288245218,27.284271240234375
-0.42366927364259677,0.5401319398501138,0,13.910809288245218,27.3380126953125
-0.42366927364259677,0.5401319398501138,0,13.910809288245218,27.38702392578125
-0.42366927364259677,0.5401319398501138,0,13.910809288245218,27.447540283203125
-0.42366927364259677,0.5401319398501138,0,13.910809288245218,27.48785400390625
-0.42366927364259677,0.5401319398501138,0,13.910809288245218,27.555908203125
